Continent	sdNumKilled	iqrNumKilled
Africa	263.732716746241	147
Europe	6802.14103871018	42.5
Americas	18674.0268625259	126
Asia	17675.6825982286	634
